{
  "proposed": {
    "mse": 0.0177908968180418,
    "psnr": 21.09884262084961,
    "ssim": 0.6226867437362671,
    "rmse": 0.1333825206615987
  },
  "tikhonov_only": {
    "mse": 0.0183107890188694,
    "psnr": 21.07137680053711,
    "ssim": 0.6202161312103271,
    "rmse": 0.13531736407006087
  },
  "fc_only": {
    "mse": 0.0207478329539299,
    "psnr": 19.620149612426758,
    "ssim": 0.5709852576255798,
    "rmse": 0.14404108078576022
  }
}