{
  "proposed": {
    "mse": 0.008666973561048508,
    "psnr": 26.932790756225586,
    "ssim": 0.8328343629837036,
    "rmse": 0.09309658189777167
  },
  "tikhonov_only": {
    "mse": 0.008666420355439186,
    "psnr": 27.682348251342773,
    "ssim": 0.832839846611023,
    "rmse": 0.09309361071222443
  },
  "fc_only": {
    "mse": 0.0086663868278265,
    "psnr": 27.689529418945312,
    "ssim": 0.8328409790992737,
    "rmse": 0.09309343063732532
  }
}