{
  "proposed": {
    "mse": 0.023086538538336754,
    "psnr": 18.264198303222656,
    "ssim": 0.5501139760017395,
    "rmse": 0.15194255012450184
  },
  "tikhonov_only": {
    "mse": 0.019005004316568375,
    "psnr": 19.993440628051758,
    "ssim": 0.6186609864234924,
    "rmse": 0.1378586388898729
  },
  "fc_only": {
    "mse": 0.019349828362464905,
    "psnr": 19.51093292236328,
    "ssim": 0.6069248914718628,
    "rmse": 0.13910366049268763
  }
}